{"cameraMode":{"drawMode":0,"name":"Shaded","section":"Shading Mode"},"sceneLighting":true,"audioPlay":false,"sceneViewState":{"showFog":true,"showMaterialUpdate":false,"showSkybox":true,"showFlares":true,"showImageEffects":true,"showParticleSystems":true,"showVisualEffectGraphs":true,"m_FxEnabled":true},"in2DMode":false,"pivot":{"x":-1.3411788940429688,"y":5.114435195922852,"z":21.37552833557129},"rotation":{"x":0.17459343373775483,"y":-0.008861657232046128,"z":0.001571388216689229,"w":0.9845994710922241},"size":11.99646282196045,"orthographic":false}